{
  "euclidean": {
    "reconstruction_mse": 0.04996667802333832,
    "perplexity": 491.4505453689974,
    "quantization_error": 114.57592010498047,
    "valid_samples": 50000
  },
  "geodesic": {
    "reconstruction_mse": 0.07549077272415161,
    "perplexity": 199.0845112764954,
    "quantization_error": 1539.51611328125,
    "valid_samples": 31336
  }
}