{
  "euclidean": {
    "reconstruction_mse": 0.04019322991371155,
    "perplexity": 123.3108909224954,
    "quantization_error": 6.880809307098389,
    "valid_samples": 10000
  },
  "geodesic": {
    "reconstruction_mse": 0.060714274644851685,
    "perplexity": 111.12719610118164,
    "quantization_error": 13.429594039916992,
    "valid_samples": 10000
  }
}