{
  "euclidean": {
    "reconstruction_mse": 0.04019322991371155,
    "perplexity": 123.3108909224954,
    "quantization_error": 6.880809307098389,
    "valid_samples": 10000
  },
  "geodesic": {
    "reconstruction_mse": 0.058645252138376236,
    "perplexity": 105.68196126394415,
    "quantization_error": 13.471624374389648,
    "valid_samples": 9959
  }
}