{
  "euclidean": {
    "reconstruction_mse": 0.03289136290550232,
    "perplexity": 365.7266171385278,
    "quantization_error": 5.400776386260986,
    "valid_samples": 10000
  },
  "geodesic": {
    "reconstruction_mse": 0.047579146921634674,
    "perplexity": 328.2291267990832,
    "quantization_error": 9.273958206176758,
    "valid_samples": 10000
  }
}