{
  "euclidean": {
    "reconstruction_mse": 0.035939741879701614,
    "perplexity": 242.2425150828467,
    "quantization_error": 5.933244705200195,
    "valid_samples": 10000
  },
  "geodesic": {
    "reconstruction_mse": 0.05490553006529808,
    "perplexity": 206.04682439378675,
    "quantization_error": 11.770804405212402,
    "valid_samples": 9907
  }
}